{
    "text_sample": "Am I sucidal",
    "emotions": {
        "Anger": 0.02825770527124405,
        "Joy": 0.005951690953224897,
        "Sadness": 0.025913896039128304
    }
}